Wk,Day,Date,Time,Home,xGF,Score,xGA,Away,Attendance,Venue,Referee,Match Report,Notes
1,Fri,05/08/2022,20:00,Crystal Palace,1.2,0Ð2,1,Arsenal,"25,286",Selhurst Park,Anthony Taylor,Match Report,
1,Sat,06/08/2022,12:30,Fulham,1.2,2Ð2,1.2,Liverpool,"22,207",Craven Cottage,Andy Madley,Match Report,
1,Sat,06/08/2022,15:00,Tottenham,1.5,4Ð1,0.5,Southampton,"61,732",Tottenham Hotspur Stadium,Andre Marriner,Match Report,
1,Sat,06/08/2022,15:00,Newcastle Utd,1.7,2Ð0,0.3,Nott'ham Forest,"52,245",St James' Park,Simon Hooper,Match Report,
1,Sat,06/08/2022,15:00,Leeds United,0.8,2Ð1,1.3,Wolves,"36,347",Elland Road,Robert Jones,Match Report,
1,Sat,06/08/2022,15:00,Bournemouth,0.6,2Ð0,0.7,Aston Villa,"11,013",Vitality Stadium,Peter Bankes,Match Report,
1,Sat,06/08/2022,17:30,Everton,0.7,0Ð1,1.5,Chelsea,"39,254",Goodison Park,Craig Pawson,Match Report,
1,Sun,07/08/2022,14:00,Leicester City,0.6,2Ð2,0.8,Brentford,"31,794",King Power Stadium,Jarred Gillett,Match Report,
1,Sun,07/08/2022,14:00,Manchester Utd,1.4,1Ð2,1.5,Brighton,"73,711",Old Trafford,Paul Tierney,Match Report,
1,Sun,07/08/2022,16:30,West Ham,0.5,0Ð2,2.2,Manchester City,"62,443",London Stadium,Michael Oliver,Match Report,
2,Sat,13/08/2022,12:30,Aston Villa,2.3,2Ð1,1.6,Everton,"41,883",Villa Park,Michael Oliver,Match Report,
2,Sat,13/08/2022,15:00,Manchester City,1.7,4Ð0,0.1,Bournemouth,"53,453",Etihad Stadium,David Coote,Match Report,
2,Sat,13/08/2022,15:00,Southampton,1.2,2Ð2,1.8,Leeds United,"30,815",St. Mary's Stadium,Tony Harrington,Match Report,
2,Sat,13/08/2022,15:00,Wolves,0.9,0Ð0,1.5,Fulham,"31,178",Molineux Stadium,John Brooks,Match Report,
2,Sat,13/08/2022,15:00,Arsenal,2.7,4Ð2,0.5,Leicester City,"60,033",Emirates Stadium,Darren England,Match Report,
2,Sat,13/08/2022,15:00,Brighton,1.5,0Ð0,0.2,Newcastle Utd,"31,552",The American Express Community Stadium,Graham Scott,Match Report,
2,Sat,13/08/2022,17:30,Brentford,1.6,4Ð0,0.9,Manchester Utd,"17,051",Brentford Community Stadium,Stuart Attwell,Match Report,
2,Sun,14/08/2022,14:00,Nott'ham Forest,1.3,1Ð0,2.1,West Ham,"29,281",The City Ground,Robert Jones,Match Report,
2,Sun,14/08/2022,16:30,Chelsea,1.6,2Ð2,1,Tottenham,"39,946",Stamford Bridge,Anthony Taylor,Match Report,
2,Mon,15/08/2022,20:00,Liverpool,2,1Ð1,1,Crystal Palace,"52,970",Anfield,Paul Tierney,Match Report,
3,Sat,20/08/2022,12:30,Tottenham,1.7,1Ð0,0.7,Wolves,"61,298",Tottenham Hotspur Stadium,Simon Hooper,Match Report,
3,Sat,20/08/2022,15:00,Leicester City,0.3,1Ð2,0.9,Southampton,"30,850",King Power Stadium,Michael Salisbury,Match Report,
3,Sat,20/08/2022,15:00,Everton,1.5,1Ð1,1,Nott'ham Forest,"39,271",Goodison Park,Andre Marriner,Match Report,
3,Sat,20/08/2022,15:00,Crystal Palace,2.6,3Ð1,0.9,Aston Villa,"22,012",Selhurst Park,Andy Madley,Match Report,
3,Sat,20/08/2022,15:00,Fulham,2.4,3Ð2,1.8,Brentford,"21,798",Craven Cottage,Peter Bankes,Match Report,
3,Sat,20/08/2022,17:30,Bournemouth,0.3,0Ð3,1.3,Arsenal,"10,423",Vitality Stadium,Craig Pawson,Match Report,
3,Sun,21/08/2022,14:00,Leeds United,2.1,3Ð0,0.9,Chelsea,"36,372",Elland Road,Stuart Attwell,Match Report,
3,Sun,21/08/2022,14:00,West Ham,0.8,0Ð2,1.7,Brighton,"62,449",London Stadium,Anthony Taylor,Match Report,
3,Sun,21/08/2022,16:30,Newcastle Utd,1.8,3Ð3,2.1,Manchester City,"52,258",St James' Park,Jarred Gillett,Match Report,
3,Mon,22/08/2022,20:00,Manchester Utd,1.8,2Ð1,1.3,Liverpool,"74,147",Old Trafford,Michael Oliver,Match Report,
4,Sat,27/08/2022,12:30,Southampton,1.4,0Ð1,1.1,Manchester Utd,"31,196",St. Mary's Stadium,Andy Madley,Match Report,
4,Sat,27/08/2022,15:00,Manchester City,2.2,4Ð2,0.1,Crystal Palace,"53,112",Etihad Stadium,Darren England,Match Report,
4,Sat,27/08/2022,15:00,Brighton,2,1Ð0,1.8,Leeds United,"30,953",The American Express Community Stadium,Michael Salisbury,Match Report,
4,Sat,27/08/2022,15:00,Chelsea,1.8,2Ð1,2.5,Leicester City,"39,953",Stamford Bridge,Paul Tierney,Match Report,
4,Sat,27/08/2022,15:00,Brentford,2.1,1Ð1,1.1,Everton,"17,009",Brentford Community Stadium,John Brooks,Match Report,
4,Sat,27/08/2022,15:00,Liverpool,3.3,9Ð0,0.3,Bournemouth,"53,328",Anfield,Stuart Attwell,Match Report,
4,Sat,27/08/2022,17:30,Arsenal,2.6,2Ð1,0.8,Fulham,"60,164",Emirates Stadium,Jarred Gillett,Match Report,
4,Sun,28/08/2022,14:00,Wolves,0.7,1Ð1,1.7,Newcastle Utd,"31,311",Molineux Stadium,Peter Bankes,Match Report,
4,Sun,28/08/2022,14:00,Aston Villa,0.5,0Ð1,0.6,West Ham,"41,796",Villa Park,David Coote,Match Report,
4,Sun,28/08/2022,16:30,Nott'ham Forest,0.9,0Ð2,2.4,Tottenham,"29,296",The City Ground,Craig Pawson,Match Report,
5,Tue,30/08/2022,19:30,Fulham,0.7,2Ð1,1.4,Brighton,"22,224",Craven Cottage,Thomas Bramall,Match Report,
5,Tue,30/08/2022,19:30,Crystal Palace,1,1Ð1,1.4,Brentford,"25,043",Selhurst Park,Simon Hooper,Match Report,
5,Tue,30/08/2022,19:45,Southampton,1.1,2Ð1,1.1,Chelsea,"31,542",St. Mary's Stadium,Michael Oliver,Match Report,
5,Tue,30/08/2022,20:00,Leeds United,1,1Ð1,1,Everton,"36,338",Elland Road,Darren England,Match Report,
5,Wed,31/08/2022,19:30,Bournemouth,0.4,0Ð0,1.5,Wolves,"10,113",Vitality Stadium,Anthony Taylor,Match Report,
5,Wed,31/08/2022,19:30,Manchester City,3.3,6Ð0,0.7,Nott'ham Forest,"53,409",Etihad Stadium,Paul Tierney,Match Report,
5,Wed,31/08/2022,19:30,Arsenal,2.4,2Ð1,0.4,Aston Villa,"60,012",Emirates Stadium,Robert Jones,Match Report,
5,Wed,31/08/2022,19:45,West Ham,1.2,1Ð1,0.6,Tottenham,"62,450",London Stadium,Peter Bankes,Match Report,
5,Wed,31/08/2022,20:00,Liverpool,1.5,2Ð1,0.7,Newcastle Utd,"53,316",Anfield,Andre Marriner,Match Report,
5,Thu,01/09/2022,20:00,Leicester City,0.7,0Ð1,1.5,Manchester Utd,"32,226",King Power Stadium,Craig Pawson,Match Report,
6,Sat,03/09/2022,12:30,Everton,1.7,0Ð0,2.1,Liverpool,"39,240",Goodison Park,Anthony Taylor,Match Report,
6,Sat,03/09/2022,15:00,Nott'ham Forest,1.9,2Ð3,0.8,Bournemouth,"28,720",The City Ground,Michael Oliver,Match Report,
6,Sat,03/09/2022,15:00,Wolves,0.8,1Ð0,1.2,Southampton,"30,546",Molineux Stadium,John Brooks,Match Report,
6,Sat,03/09/2022,15:00,Newcastle Utd,2.8,0Ð0,1,Crystal Palace,"51,863",St James' Park,Michael Salisbury,Match Report,
6,Sat,03/09/2022,15:00,Brentford,2.3,5Ð2,1.7,Leeds United,"17,092",Brentford Community Stadium,Robert Jones,Match Report,
6,Sat,03/09/2022,15:00,Tottenham,2.9,2Ð1,0.7,Fulham,"61,641",Tottenham Hotspur Stadium,Stuart Attwell,Match Report,
6,Sat,03/09/2022,15:00,Chelsea,0.9,2Ð1,1.1,West Ham,"39,923",Stamford Bridge,Andy Madley,Match Report,
6,Sat,03/09/2022,17:30,Aston Villa,0.3,1Ð1,2.1,Manchester City,"41,830",Villa Park,Simon Hooper,Match Report,
6,Sun,04/09/2022,14:00,Brighton,2.6,5Ð2,1.4,Leicester City,"31,185",The American Express Community Stadium,Tony Harrington,Match Report,
6,Sun,04/09/2022,16:30,Manchester Utd,1.5,3Ð1,1.3,Arsenal,"73,431",Old Trafford,Paul Tierney,Match Report,
8,Fri,16/09/2022,20:00,Aston Villa,1.5,1Ð0,0.3,Southampton,"40,758",Villa Park,Tony Harrington,Match Report,
8,Fri,16/09/2022,20:00,Nott'ham Forest,1.4,2Ð3,0.9,Fulham,"28,654",The City Ground,Jarred Gillett,Match Report,
8,Sat,17/09/2022,12:30,Wolves,0.4,0Ð3,1.1,Manchester City,"31,578",Molineux Stadium,Anthony Taylor,Match Report,
8,Sat,17/09/2022,15:00,Newcastle Utd,1.9,1Ð1,0.7,Bournemouth,"52,238",St James' Park,Craig Pawson,Match Report,
8,Sat,17/09/2022,17:30,Tottenham,2.2,6Ð2,1.8,Leicester City,"61,450",Tottenham Hotspur Stadium,Simon Hooper,Match Report,
8,Sun,18/09/2022,12:00,Brentford,0.5,0Ð3,1.5,Arsenal,"17,122",Brentford Community Stadium,David Coote,Match Report,
8,Sun,18/09/2022,14:15,Everton,0.4,1Ð0,1,West Ham,"39,298",Goodison Park,Michael Oliver,Match Report,
9,Sat,01/10/2022,12:30,Arsenal,2.4,3Ð1,1.6,Tottenham,"60,278",Emirates Stadium,Anthony Taylor,Match Report,
9,Sat,01/10/2022,15:00,Southampton,1.7,1Ð2,2,Everton,"30,510",St. Mary's Stadium,Andre Marriner,Match Report,
9,Sat,01/10/2022,15:00,Crystal Palace,0.4,1Ð2,1.1,Chelsea,"25,198",Selhurst Park,Chris Kavanagh,Match Report,
9,Sat,01/10/2022,15:00,Liverpool,1.5,3Ð3,1.4,Brighton,"53,320",Anfield,Andy Madley,Match Report,
9,Sat,01/10/2022,15:00,Fulham,0.5,1Ð4,3.3,Newcastle Utd,"22,913",Craven Cottage,Darren England,Match Report,
9,Sat,01/10/2022,15:00,Bournemouth,0.4,0Ð0,0.9,Brentford,"10,126",Vitality Stadium,Thomas Bramall,Match Report,
9,Sat,01/10/2022,17:30,West Ham,0.9,2Ð0,0.7,Wolves,"62,444",London Stadium,Paul Tierney,Match Report,
9,Sun,02/10/2022,14:00,Manchester City,3.2,6Ð3,1.7,Manchester Utd,"53,475",Etihad Stadium,Michael Oliver,Match Report,
9,Sun,02/10/2022,16:30,Leeds United,0.4,0Ð0,2.2,Aston Villa,"36,582",Elland Road,Stuart Attwell,Match Report,
9,Mon,03/10/2022,20:00,Leicester City,1.3,4Ð0,1.1,Nott'ham Forest,"32,202",King Power Stadium,Robert Jones,Match Report,
10,Sat,08/10/2022,15:00,Bournemouth,1.1,2Ð1,1,Leicester City,"10,272",Vitality Stadium,Michael Salisbury,Match Report,
10,Sat,08/10/2022,15:00,Newcastle Utd,1.5,5Ð1,1.2,Brentford,"52,067",St James' Park,John Brooks,Match Report,
10,Sat,08/10/2022,15:00,Manchester City,2.4,4Ð0,0.2,Southampton,"53,365",Etihad Stadium,Andy Madley,Match Report,
10,Sat,08/10/2022,15:00,Chelsea,1.9,3Ð0,1.1,Wolves,"39,940",Stamford Bridge,Simon Hooper,Match Report,
10,Sat,08/10/2022,17:30,Brighton,0.7,0Ð1,0.8,Tottenham,"31,498",The American Express Community Stadium,Tony Harrington,Match Report,
10,Sun,09/10/2022,14:00,West Ham,2.4,3Ð1,0.7,Fulham,"62,407",London Stadium,Chris Kavanagh,Match Report,
10,Sun,09/10/2022,14:00,Crystal Palace,1.1,2Ð1,1,Leeds United,"25,042",Selhurst Park,Paul Tierney,Match Report,
10,Sun,09/10/2022,16:30,Arsenal,2.7,3Ð2,1.1,Liverpool,"60,059",Emirates Stadium,Michael Oliver,Match Report,
10,Sun,09/10/2022,19:00,Everton,0.6,1Ð2,1.4,Manchester Utd,"39,258",Goodison Park,David Coote,Match Report,
10,Mon,10/10/2022,20:00,Nott'ham Forest,0.3,1Ð1,0.7,Aston Villa,"29,208",The City Ground,Anthony Taylor,Match Report,
11,Fri,14/10/2022,20:00,Brentford,1.5,2Ð0,1.9,Brighton,"17,016",Brentford Community Stadium,Michael Salisbury,Match Report,
11,Sat,15/10/2022,12:30,Leicester City,1,0Ð0,0.4,Crystal Palace,"31,298",King Power Stadium,Andy Madley,Match Report,
11,Sat,15/10/2022,15:00,Fulham,2.1,2Ð2,1,Bournemouth,"22,541",Craven Cottage,Graham Scott,Match Report,
11,Sat,15/10/2022,15:00,Wolves,1.3,1Ð0,1.5,Nott'ham Forest,"31,554",Molineux Stadium,Thomas Bramall,Match Report,
11,Sat,15/10/2022,17:30,Tottenham,2.2,2Ð0,0.4,Everton,"61,812",Tottenham Hotspur Stadium,Paul Tierney,Match Report,
11,Sun,16/10/2022,14:00,Southampton,0.5,1Ð1,1.7,West Ham,"29,159",St. Mary's Stadium,Peter Bankes,Match Report,
11,Sun,16/10/2022,14:00,Aston Villa,1.8,0Ð2,0.9,Chelsea,"41,754",Villa Park,Robert Jones,Match Report,
11,Sun,16/10/2022,14:00,Leeds United,1.8,0Ð1,0.5,Arsenal,"36,700",Elland Road,Chris Kavanagh,Match Report,
11,Sun,16/10/2022,14:00,Manchester Utd,0.8,0Ð0,0.8,Newcastle Utd,"73,726",Old Trafford,Craig Pawson,Match Report,
11,Sun,16/10/2022,16:30,Liverpool,2.1,1Ð0,1,Manchester City,"53,286",Anfield,Anthony Taylor,Match Report,
12,Tue,18/10/2022,19:30,Brighton,1.7,0Ð0,0.1,Nott'ham Forest,"31,463",The American Express Community Stadium,Darren England,Match Report,
12,Tue,18/10/2022,20:15,Crystal Palace,1.2,2Ð1,0.8,Wolves,"25,125",Selhurst Park,David Coote,Match Report,
12,Wed,19/10/2022,19:30,Bournemouth,1,0Ð1,1,Southampton,"10,405",Vitality Stadium,John Brooks,Match Report,
12,Wed,19/10/2022,19:30,Brentford,1.3,0Ð0,0.9,Chelsea,"17,118",Brentford Community Stadium,Jarred Gillett,Match Report,
12,Wed,19/10/2022,19:30,Liverpool,1.7,1Ð0,1.7,West Ham,"52,982",Anfield,Stuart Attwell,Match Report,
12,Wed,19/10/2022,19:30,Newcastle Utd,1.5,1Ð0,0.2,Everton,"52,247",St James' Park,Tony Harrington,Match Report,
12,Wed,19/10/2022,20:15,Manchester Utd,1.5,2Ð0,0.6,Tottenham,"73,677",Old Trafford,Simon Hooper,Match Report,
12,Thu,20/10/2022,19:30,Fulham,2.1,3Ð0,1.2,Aston Villa,"23,508",Craven Cottage,Michael Oliver,Match Report,
12,Thu,20/10/2022,20:15,Leicester City,0.8,2Ð0,1.3,Leeds United,"30,814",King Power Stadium,Peter Bankes,Match Report,
13,Sat,22/10/2022,12:30,Nott'ham Forest,1.9,1Ð0,1.6,Liverpool,"29,245",The City Ground,Paul Tierney,Match Report,
13,Sat,22/10/2022,15:00,Everton,1.4,3Ð0,0.9,Crystal Palace,"38,939",Goodison Park,Simon Hooper,Match Report,
13,Sat,22/10/2022,15:00,Manchester City,1.6,3Ð1,0.5,Brighton,"53,223",Etihad Stadium,Craig Pawson,Match Report,
13,Sat,22/10/2022,17:30,Chelsea,1.1,1Ð1,0.8,Manchester Utd,"39,503",Stamford Bridge,Stuart Attwell,Match Report,
13,Sun,23/10/2022,14:00,Aston Villa,2.8,4Ð0,0.9,Brentford,"41,693",Villa Park,Darren England,Match Report,
13,Sun,23/10/2022,14:00,Wolves,2.1,0Ð4,0.9,Leicester City,"31,425",Molineux Stadium,Michael Oliver,Match Report,
13,Sun,23/10/2022,14:00,Leeds United,1.6,2Ð3,1.8,Fulham,"36,447",Elland Road,Anthony Taylor,Match Report,
13,Sun,23/10/2022,14:00,Southampton,0.7,1Ð1,1,Arsenal,"31,145",St. Mary's Stadium,Robert Jones,Match Report,
13,Sun,23/10/2022,16:30,Tottenham,1.6,1Ð2,1.2,Newcastle Utd,"61,726",Tottenham Hotspur Stadium,Jarred Gillett,Match Report,
13,Mon,24/10/2022,20:00,West Ham,1.9,2Ð0,0.4,Bournemouth,"62,447",London Stadium,David Coote,Match Report,
14,Sat,29/10/2022,12:30,Leicester City,0.7,0Ð1,1,Manchester City,"32,223",King Power Stadium,Robert Jones,Match Report,
14,Sat,29/10/2022,15:00,Brentford,1.4,1Ð1,0.6,Wolves,"17,051",Brentford Community Stadium,Robert Madley,Match Report,
14,Sat,29/10/2022,15:00,Crystal Palace,0.9,1Ð0,1.3,Southampton,"25,130",Selhurst Park,Michael Salisbury,Match Report,
14,Sat,29/10/2022,15:00,Newcastle Utd,3.4,4Ð0,0.4,Aston Villa,"52,233",St James' Park,Paul Tierney,Match Report,
14,Sat,29/10/2022,15:00,Brighton,2.4,4Ð1,1.4,Chelsea,"31,746",The American Express Community Stadium,Andy Madley,Match Report,
14,Sat,29/10/2022,15:00,Bournemouth,0.5,2Ð3,2,Tottenham,"10,430",Vitality Stadium,Anthony Taylor,Match Report,
14,Sat,29/10/2022,17:30,Fulham,1.9,0Ð0,0.9,Everton,"23,534",Craven Cottage,John Brooks,Match Report,
14,Sat,29/10/2022,19:45,Liverpool,1.7,1Ð2,1.8,Leeds United,"53,274",Anfield,Michael Oliver,Match Report,
14,Sun,30/10/2022,14:00,Arsenal,2.3,5Ð0,0.4,Nott'ham Forest,"60,263",Emirates Stadium,Simon Hooper,Match Report,
14,Sun,30/10/2022,16:15,Manchester Utd,1.2,1Ð0,1.1,West Ham,"73,682",Old Trafford,Chris Kavanagh,Match Report,
15,Sat,05/11/2022,15:00,Nott'ham Forest,1.5,2Ð2,1.5,Brentford,"28,869",The City Ground,Andre Marriner,Match Report,
15,Sat,05/11/2022,15:00,Leeds United,2.2,4Ð3,1.5,Bournemouth,"36,304",Elland Road,Tony Harrington,Match Report,
15,Sat,05/11/2022,15:00,Manchester City,2.1,2Ð1,1,Fulham,"52,395",Etihad Stadium,Darren England,Match Report,
15,Sat,05/11/2022,15:00,Wolves,1.2,2Ð3,1.5,Brighton,"30,732",Molineux Stadium,Graham Scott,Match Report,
15,Sat,05/11/2022,17:30,Everton,1.2,0Ð2,2.3,Leicester City,"39,206",Goodison Park,David Coote,Match Report,
15,Sun,06/11/2022,12:00,Chelsea,0.3,0Ð1,2.1,Arsenal,"40,142",Stamford Bridge,Michael Oliver,Match Report,
15,Sun,06/11/2022,14:00,West Ham,0.3,1Ð2,1,Crystal Palace,"62,451",London Stadium,Paul Tierney,Match Report,
15,Sun,06/11/2022,14:00,Southampton,1.7,1Ð4,0.9,Newcastle Utd,"30,402",St. Mary's Stadium,Stuart Attwell,Match Report,
15,Sun,06/11/2022,14:00,Aston Villa,0.6,3Ð1,0.5,Manchester Utd,"42,058",Villa Park,Anthony Taylor,Match Report,
15,Sun,06/11/2022,16:30,Tottenham,1.2,1Ð2,1.2,Liverpool,"62,008",Tottenham Hotspur Stadium,Andy Madley,Match Report,
16,Sat,12/11/2022,12:30,Manchester City,1.6,1Ð2,1.3,Brentford,"52,786",Etihad Stadium,Peter Bankes,Match Report,
16,Sat,12/11/2022,15:00,Tottenham,1.8,4Ð3,1.1,Leeds United,"61,667",Tottenham Hotspur Stadium,Michael Salisbury,Match Report,
16,Sat,12/11/2022,15:00,Liverpool,1.9,3Ð1,1.1,Southampton,"53,331",Anfield,Simon Hooper,Match Report,
16,Sat,12/11/2022,15:00,Bournemouth,2.4,3Ð0,0.8,Everton,"10,382",Vitality Stadium,Craig Pawson,Match Report,
16,Sat,12/11/2022,15:00,West Ham,1.4,0Ð2,1.8,Leicester City,"62,459",London Stadium,Jarred Gillett,Match Report,
16,Sat,12/11/2022,15:00,Nott'ham Forest,1.1,1Ð0,1.2,Crystal Palace,"29,045",The City Ground,John Brooks,Match Report,
16,Sat,12/11/2022,17:30,Newcastle Utd,1,1Ð0,0.3,Chelsea,"52,264",St James' Park,Robert Jones,Match Report,
16,Sat,12/11/2022,19:45,Wolves,0.7,0Ð2,2.1,Arsenal,"34,624",Molineux Stadium,Stuart Attwell,Match Report,
16,Sun,13/11/2022,14:00,Brighton,0.6,1Ð2,1.5,Aston Villa,"31,581",The American Express Community Stadium,Chris Kavanagh,Match Report,
16,Sun,13/11/2022,16:30,Fulham,1.4,1Ð2,2.5,Manchester Utd,"24,246",Craven Cottage,Paul Tierney,Match Report,
17,Mon,26/12/2022,12:30,Brentford,2,2Ð2,1.1,Tottenham,"17,137",Brentford Community Stadium,David Coote,Match Report,
17,Mon,26/12/2022,15:00,Southampton,1.9,1Ð3,0.6,Brighton,"31,010",St. Mary's Stadium,Robert Jones,Match Report,
17,Mon,26/12/2022,15:00,Leicester City,0.5,0Ð3,1.9,Newcastle Utd,"32,185",King Power Stadium,Jarred Gillett,Match Report,
17,Mon,26/12/2022,15:00,Crystal Palace,0.4,0Ð3,2.5,Fulham,"25,176",Selhurst Park,Andy Madley,Match Report,
17,Mon,26/12/2022,15:00,Everton,1.7,1Ð2,0.8,Wolves,"39,252",Goodison Park,Craig Pawson,Match Report,
17,Mon,26/12/2022,17:30,Aston Villa,1.4,1Ð3,2.7,Liverpool,"42,085",Villa Park,Paul Tierney,Match Report,
17,Mon,26/12/2022,20:00,Arsenal,2.1,3Ð1,1,West Ham,"60,125",Emirates Stadium,Michael Oliver,Match Report,
17,Tue,27/12/2022,17:30,Chelsea,1.8,2Ð0,0.5,Bournemouth,"40,046",Stamford Bridge,Simon Hooper,Match Report,
17,Tue,27/12/2022,20:00,Manchester Utd,2.4,3Ð0,0.7,Nott'ham Forest,"73,608",Old Trafford,Anthony Taylor,Match Report,
17,Wed,28/12/2022,20:00,Leeds United,0.6,1Ð3,4.3,Manchester City,"36,889",Elland Road,Stuart Attwell,Match Report,
18,Fri,30/12/2022,19:45,West Ham,1.3,0Ð2,1.6,Brentford,"62,467",London Stadium,Darren England,Match Report,
18,Fri,30/12/2022,20:00,Liverpool,2.2,2Ð1,1,Leicester City,"53,343",Anfield,Craig Pawson,Match Report,
18,Sat,31/12/2022,12:30,Wolves,0.7,0Ð1,2,Manchester Utd,"31,658",Molineux Stadium,Robert Jones,Match Report,
18,Sat,31/12/2022,15:00,Newcastle Utd,2.2,0Ð0,0.4,Leeds United,"52,211",St James' Park,Simon Hooper,Match Report,
18,Sat,31/12/2022,15:00,Fulham,1.5,2Ð1,0.8,Southampton,"24,344",Craven Cottage,Graham Scott,Match Report,
18,Sat,31/12/2022,15:00,Manchester City,1.7,1Ð1,0.1,Everton,"53,444",Etihad Stadium,Andy Madley,Match Report,
18,Sat,31/12/2022,15:00,Bournemouth,0.6,0Ð2,1.6,Crystal Palace,"9,972",Vitality Stadium,Andre Marriner,Match Report,
18,Sat,31/12/2022,17:30,Brighton,1.2,2Ð4,2.9,Arsenal,"31,647",The American Express Community Stadium,Anthony Taylor,Match Report,
18,Sun,01/01/2023,14:00,Tottenham,0.7,0Ð2,1,Aston Villa,"61,651",Tottenham Hotspur Stadium,John Brooks,Match Report,
18,Sun,01/01/2023,16:30,Nott'ham Forest,1.4,1Ð1,0.9,Chelsea,"29,229",The City Ground,Peter Bankes,Match Report,
19,Mon,02/01/2023,17:30,Brentford,1.7,3Ð1,2,Liverpool,"17,163",Brentford Community Stadium,Stuart Attwell,Match Report,
19,Tue,03/01/2023,19:45,Leicester City,1.7,0Ð1,1.7,Fulham,"30,813",King Power Stadium,Darren Bond,Match Report,
19,Tue,03/01/2023,19:45,Everton,1.3,1Ð4,2.2,Brighton,"39,103",Goodison Park,Andre Marriner,Match Report,
19,Tue,03/01/2023,19:45,Arsenal,1.1,0Ð0,1,Newcastle Utd,"60,319",Emirates Stadium,Andy Madley,Match Report,
19,Tue,03/01/2023,20:00,Manchester Utd,2.2,3Ð0,0.6,Bournemouth,"73,322",Old Trafford,Michael Salisbury,Match Report,
19,Wed,04/01/2023,19:30,Southampton,0.5,0Ð1,1.4,Nott'ham Forest,"30,150",St. Mary's Stadium,Thomas Bramall,Match Report,
19,Wed,04/01/2023,19:45,Leeds United,1.6,2Ð2,1.4,West Ham,"36,173",Elland Road,David Coote,Match Report,
19,Wed,04/01/2023,20:00,Aston Villa,1.8,1Ð1,0.9,Wolves,"39,978",Villa Park,Jarred Gillett,Match Report,
19,Wed,04/01/2023,20:00,Crystal Palace,0.8,0Ð4,1.4,Tottenham,"25,132",Selhurst Park,Michael Oliver,Match Report,
19,Thu,05/01/2023,20:00,Chelsea,0.4,0Ð1,2.1,Manchester City,"39,998",Stamford Bridge,Paul Tierney,Match Report,
7,Thu,12/01/2023,20:00,Fulham,1,2Ð1,2.1,Chelsea,"24,460",Craven Cottage,David Coote,Match Report,
20,Fri,13/01/2023,20:00,Aston Villa,1.2,2Ð1,2.4,Leeds United,"42,008",Villa Park,Michael Oliver,Match Report,
20,Sat,14/01/2023,12:30,Manchester Utd,1.7,2Ð1,0.6,Manchester City,"75,546",Old Trafford,Stuart Attwell,Match Report,
20,Sat,14/01/2023,15:00,Everton,1.4,1Ð2,1.2,Southampton,"39,305",Goodison Park,John Brooks,Match Report,
20,Sat,14/01/2023,15:00,Wolves,0.9,1Ð0,1.1,West Ham,"31,511",Molineux Stadium,Simon Hooper,Match Report,
20,Sat,14/01/2023,15:00,Nott'ham Forest,2.4,2Ð0,1,Leicester City,"29,301",The City Ground,Paul Tierney,Match Report,
20,Sat,14/01/2023,15:00,Brighton,1.9,3Ð0,1,Liverpool,"31,645",The American Express Community Stadium,Darren England,Match Report,
20,Sat,14/01/2023,17:30,Brentford,1.4,2Ð0,0.6,Bournemouth,"17,031",Brentford Community Stadium,Jarred Gillett,Match Report,
20,Sun,15/01/2023,14:00,Chelsea,1.5,1Ð0,0.7,Crystal Palace,"40,075",Stamford Bridge,Peter Bankes,Match Report,
20,Sun,15/01/2023,14:00,Newcastle Utd,2.2,1Ð0,1.1,Fulham,"52,247",St James' Park,Robert Jones,Match Report,
20,Sun,15/01/2023,16:30,Tottenham,1.6,0Ð2,1.8,Arsenal,"61,870",Tottenham Hotspur Stadium,Craig Pawson,Match Report,
7,Wed,18/01/2023,20:00,Crystal Palace,0.5,1Ð1,2.1,Manchester Utd,"23,343",Selhurst Park,Robert Jones,Match Report,
7,Thu,19/01/2023,20:00,Manchester City,2.3,4Ð2,0.8,Tottenham,"53,088",Etihad Stadium,Simon Hooper,Match Report,
21,Sat,21/01/2023,12:30,Liverpool,1.4,0Ð0,1.6,Chelsea,"53,126",Anfield,Michael Oliver,Match Report,
21,Sat,21/01/2023,15:00,Bournemouth,1.4,1Ð1,1.9,Nott'ham Forest,"10,248",Vitality Stadium,Andy Madley,Match Report,
21,Sat,21/01/2023,15:00,Southampton,0.6,0Ð1,1.4,Aston Villa,"30,158",St. Mary's Stadium,Michael Salisbury,Match Report,
21,Sat,21/01/2023,15:00,Leicester City,0.9,2Ð2,1.7,Brighton,"32,056",King Power Stadium,Thomas Bramall,Match Report,
21,Sat,21/01/2023,15:00,West Ham,2.2,2Ð0,0.5,Everton,"62,470",London Stadium,Stuart Attwell,Match Report,
21,Sat,21/01/2023,17:30,Crystal Palace,0.3,0Ð0,1.2,Newcastle Utd,"25,350",Selhurst Park,Craig Pawson,Match Report,
21,Sun,22/01/2023,14:00,Manchester City,2.8,3Ð0,0.8,Wolves,"53,282",Etihad Stadium,David Coote,Match Report,
21,Sun,22/01/2023,14:00,Leeds United,0.5,0Ð0,0.4,Brentford,"36,260",Elland Road,Peter Bankes,Match Report,
21,Sun,22/01/2023,16:30,Arsenal,3.1,3Ð2,0.4,Manchester Utd,"60,325",Emirates Stadium,Anthony Taylor,Match Report,
21,Mon,23/01/2023,20:00,Fulham,1,0Ð1,0.9,Tottenham,"24,190",Craven Cottage,Paul Tierney,Match Report,
22,Fri,03/02/2023,20:00,Chelsea,1.3,0Ð0,0.6,Fulham,"40,041",Stamford Bridge,Stuart Attwell,Match Report,
22,Sat,04/02/2023,12:30,Everton,1.7,1Ð0,0.9,Arsenal,"39,314",Goodison Park,David Coote,Match Report,
22,Sat,04/02/2023,15:00,Aston Villa,1.7,2Ð4,2.6,Leicester City,"42,055",Villa Park,Darren England,Match Report,
22,Sat,04/02/2023,15:00,Wolves,2,3Ð0,1.8,Liverpool,"31,664",Molineux Stadium,Paul Tierney,Match Report,
22,Sat,04/02/2023,15:00,Manchester Utd,2,2Ð1,1.3,Crystal Palace,"73,420",Old Trafford,Andre Marriner,Match Report,
22,Sat,04/02/2023,15:00,Brighton,2.2,1Ð0,1.1,Bournemouth,"31,600",The American Express Community Stadium,Craig Pawson,Match Report,
22,Sat,04/02/2023,15:00,Brentford,2.2,3Ð0,0.7,Southampton,"17,051",Brentford Community Stadium,Darren Bond,Match Report,
22,Sat,04/02/2023,17:30,Newcastle Utd,1,1Ð1,1,West Ham,"52,256",St James' Park,Peter Bankes,Match Report,
22,Sun,05/02/2023,14:00,Nott'ham Forest,0.4,1Ð0,0.9,Leeds United,"29,363",The City Ground,Robert Jones,Match Report,
22,Sun,05/02/2023,16:30,Tottenham,1.4,1Ð0,1.3,Manchester City,"61,747",Tottenham Hotspur Stadium,Andy Madley,Match Report,
8,Wed,08/02/2023,20:00,Manchester Utd,2,2Ð2,0.6,Leeds United,"73,456",Old Trafford,Simon Hooper,Match Report,
23,Sat,11/02/2023,12:30,West Ham,1.3,1Ð1,1.1,Chelsea,"62,471",London Stadium,Craig Pawson,Match Report,
23,Sat,11/02/2023,15:00,Leicester City,1.7,4Ð1,1.3,Tottenham,"32,184",King Power Stadium,Michael Salisbury,Match Report,
23,Sat,11/02/2023,15:00,Crystal Palace,1.1,1Ð1,2.5,Brighton,"24,827",Selhurst Park,Michael Oliver,Match Report,
23,Sat,11/02/2023,15:00,Arsenal,1.6,1Ð1,2,Brentford,"60,254",Emirates Stadium,Peter Bankes,Match Report,
23,Sat,11/02/2023,15:00,Southampton,1.1,1Ð2,0.8,Wolves,"29,751",St. Mary's Stadium,Jarred Gillett,Match Report,
23,Sat,11/02/2023,15:00,Fulham,1.5,2Ð0,0.7,Nott'ham Forest,"24,244",Craven Cottage,Andy Madley,Match Report,
23,Sat,11/02/2023,17:30,Bournemouth,1.5,1Ð1,1.3,Newcastle Utd,"10,419",Vitality Stadium,Stuart Attwell,Match Report,
23,Sun,12/02/2023,14:00,Leeds United,1.8,0Ð2,1.1,Manchester Utd,"36,919",Elland Road,Paul Tierney,Match Report,
23,Sun,12/02/2023,16:30,Manchester City,3.3,3Ð1,0.3,Aston Villa,"53,392",Etihad Stadium,Robert Jones,Match Report,
23,Mon,13/02/2023,20:00,Liverpool,2.3,2Ð0,0.4,Everton,"53,027",Anfield,Simon Hooper,Match Report,
12,Wed,15/02/2023,19:30,Arsenal,1.6,1Ð3,1.8,Manchester City,"60,276",Emirates Stadium,Anthony Taylor,Match Report,
24,Sat,18/02/2023,12:30,Aston Villa,0.5,2Ð4,3.2,Arsenal,"42,066",Villa Park,Simon Hooper,Match Report,
24,Sat,18/02/2023,15:00,Brighton,2.2,0Ð1,0.3,Fulham,"31,619",The American Express Community Stadium,Darren England,Match Report,
24,Sat,18/02/2023,15:00,Nott'ham Forest,0.9,1Ð1,2.4,Manchester City,"29,365",The City Ground,Graham Scott,Match Report,
24,Sat,18/02/2023,15:00,Chelsea,1.6,0Ð1,0.6,Southampton,"40,152",Stamford Bridge,David Coote,Match Report,
24,Sat,18/02/2023,15:00,Everton,1.4,1Ð0,0.5,Leeds United,"39,232",Goodison Park,Andy Madley,Match Report,
24,Sat,18/02/2023,15:00,Wolves,1.3,0Ð1,1.1,Bournemouth,"31,222",Molineux Stadium,Michael Salisbury,Match Report,
24,Sat,18/02/2023,15:00,Brentford,0.9,1Ð1,1.1,Crystal Palace,"17,122",Brentford Community Stadium,Paul Tierney,Match Report,
24,Sat,18/02/2023,17:30,Newcastle Utd,2,0Ð2,1.9,Liverpool,"52,758",St James' Park,Anthony Taylor,Match Report,
24,Sun,19/02/2023,14:00,Manchester Utd,4.4,3Ð0,1.6,Leicester City,"73,578",Old Trafford,Stuart Attwell,Match Report,
24,Sun,19/02/2023,16:30,Tottenham,1.5,2Ð0,0.5,West Ham,"61,476",Tottenham Hotspur Stadium,Michael Oliver,Match Report,
25,Fri,24/02/2023,20:00,Fulham,0.5,1Ð1,0.8,Wolves,"24,399",Craven Cottage,Michael Oliver,Match Report,
25,Sat,25/02/2023,12:30,Newcastle Utd,,,,Brighton,,St James' Park,,,Match Postponed
25,Sat,25/02/2023,15:00,Leicester City,0,0Ð1,0.7,Arsenal,"32,227",King Power Stadium,Craig Pawson,Match Report,
25,Sat,25/02/2023,15:00,Everton,1.6,0Ð2,1.9,Aston Villa,"39,309",Goodison Park,Anthony Taylor,Match Report,
25,Sat,25/02/2023,15:00,West Ham,2.7,4Ð0,0.4,Nott'ham Forest,"62,469",London Stadium,Jarred Gillett,Match Report,
25,Sat,25/02/2023,15:00,Leeds United,0.9,1Ð0,0.4,Southampton,"36,641",Elland Road,Peter Bankes,Match Report,
25,Sat,25/02/2023,17:30,Bournemouth,1,1Ð4,2.4,Manchester City,"10,481",Vitality Stadium,Paul Tierney,Match Report,
25,Sat,25/02/2023,19:45,Crystal Palace,0.7,0Ð0,0.9,Liverpool,"25,842",Selhurst Park,Darren England,Match Report,
25,Sun,26/02/2023,13:30,Tottenham,0.8,2Ð0,0.4,Chelsea,"61,613",Tottenham Hotspur Stadium,Stuart Attwell,Match Report,
7,Wed,01/03/2023,19:45,Arsenal,2.6,4Ð0,1.2,Everton,"60,213",Emirates Stadium,Michael Oliver,Match Report,
7,Wed,01/03/2023,20:00,Liverpool,2.6,2Ð0,0.8,Wolves,"53,259",Anfield,Paul Tierney,Match Report,
26,Sat,04/03/2023,12:30,Manchester City,1.3,2Ð0,0.4,Newcastle Utd,"53,419",Etihad Stadium,Simon Hooper,Match Report,
26,Sat,04/03/2023,15:00,Arsenal,2.1,3Ð2,1.3,Bournemouth,"60,222",Emirates Stadium,Chris Kavanagh,Match Report,
26,Sat,04/03/2023,15:00,Aston Villa,1.2,1Ð0,0.2,Crystal Palace,"41,893",Villa Park,Craig Pawson,Match Report,
26,Sat,04/03/2023,15:00,Chelsea,1.5,1Ð0,1,Leeds United,"39,905",Stamford Bridge,Michael Oliver,Match Report,
26,Sat,04/03/2023,15:00,Brighton,3.5,4Ð0,0.3,West Ham,"31,523",The American Express Community Stadium,Stuart Attwell,Match Report,
26,Sat,04/03/2023,15:00,Wolves,0.5,1Ð0,1.2,Tottenham,"31,585",Molineux Stadium,Tim Robinson,Match Report,
26,Sat,04/03/2023,17:30,Southampton,1.4,1Ð0,1.9,Leicester City,"30,139",St. Mary's Stadium,Robert Jones,Match Report,
26,Sun,05/03/2023,14:00,Nott'ham Forest,0.8,2Ð2,1.7,Everton,"29,353",The City Ground,John Brooks,Match Report,
26,Sun,05/03/2023,16:30,Liverpool,2.8,7Ð0,0.8,Manchester Utd,"53,001",Anfield,Andy Madley,Match Report,
26,Mon,06/03/2023,20:00,Brentford,2.2,3Ð2,1.4,Fulham,"17,025",Brentford Community Stadium,Anthony Taylor,Match Report,
27,Sat,11/03/2023,12:30,Bournemouth,0.9,1Ð0,1.7,Liverpool,"10,536",Vitality Stadium,John Brooks,Match Report,
27,Sat,11/03/2023,15:00,Leeds United,0.9,2Ð2,2.7,Brighton,"36,471",Elland Road,Paul Tierney,Match Report,
27,Sat,11/03/2023,15:00,Everton,1,1Ð0,2,Brentford,"39,274",Goodison Park,Simon Hooper,Match Report,
27,Sat,11/03/2023,15:00,Leicester City,2.4,1Ð3,1.6,Chelsea,"32,170",King Power Stadium,Andre Marriner,Match Report,
27,Sat,11/03/2023,15:00,Tottenham,2,3Ð1,1.5,Nott'ham Forest,"61,460",Tottenham Hotspur Stadium,Craig Pawson,Match Report,
27,Sat,11/03/2023,17:30,Crystal Palace,0.2,0Ð1,2.1,Manchester City,"25,844",Selhurst Park,Robert Jones,Match Report,
27,Sun,12/03/2023,14:00,Manchester Utd,0.8,0Ð0,1,Southampton,"73,439",Old Trafford,Anthony Taylor,Match Report,
27,Sun,12/03/2023,14:00,Fulham,0.8,0Ð3,2.3,Arsenal,"24,426",Craven Cottage,David Coote,Match Report,
27,Sun,12/03/2023,14:00,West Ham,2.1,1Ð1,1.5,Aston Villa,"62,472",London Stadium,Chris Kavanagh,Match Report,
27,Sun,12/03/2023,16:30,Newcastle Utd,1.8,2Ð1,1.1,Wolves,"52,240",St James' Park,Andy Madley,Match Report,
7,Wed,15/03/2023,19:30,Southampton,0.5,0Ð2,1.9,Brentford,"30,438",St. Mary's Stadium,Michael Salisbury,Match Report,
8,Wed,15/03/2023,19:30,Brighton,0.6,1Ð0,1.1,Crystal Palace,"30,933",The American Express Community Stadium,Peter Bankes,Match Report,
28,Fri,17/03/2023,20:00,Nott'ham Forest,0.4,1Ð2,2.4,Newcastle Utd,"29,362",The City Ground,Paul Tierney,Match Report,
28,Sat,18/03/2023,15:00,Liverpool,,,,Fulham,,Anfield,,,Match Postponed
28,Sat,18/03/2023,15:00,Wolves,2.7,2Ð4,1.6,Leeds United,"31,570",Molineux Stadium,Michael Salisbury,Match Report,
28,Sat,18/03/2023,15:00,Brentford,0.6,1Ð1,1.3,Leicester City,"17,006",Brentford Community Stadium,Darren Bond,Match Report,
28,Sat,18/03/2023,15:00,Aston Villa,3.5,3Ð0,1.3,Bournemouth,"41,021",Villa Park,Robert Jones,Match Report,
28,Sat,18/03/2023,15:00,Southampton,2.4,3Ð3,2.3,Tottenham,"30,157",St. Mary's Stadium,Simon Hooper,Match Report,
28,Sat,18/03/2023,17:30,Chelsea,2.3,2Ð2,1.2,Everton,"40,025",Stamford Bridge,Darren England,Match Report,
28,Sun,19/03/2023,14:00,Brighton,,,,Manchester Utd,,The American Express Community Stadium,,,Match Postponed
28,Sun,19/03/2023,14:00,Arsenal,1.6,4Ð1,0.8,Crystal Palace,"60,247",Emirates Stadium,Stuart Attwell,Match Report,
28,Sun,19/03/2023,16:30,Manchester City,,,,West Ham,,Etihad Stadium,,,Match Postponed
29,Sat,01/04/2023,12:30,Manchester City,,,,Liverpool,,Etihad Stadium,,Head-to-Head,
29,Sat,01/04/2023,15:00,Arsenal,,,,Leeds United,,Emirates Stadium,,Head-to-Head,
29,Sat,01/04/2023,15:00,Nott'ham Forest,,,,Wolves,,The City Ground,,Head-to-Head,
29,Sat,01/04/2023,15:00,Brighton,,,,Brentford,,The American Express Community Stadium,,Head-to-Head,
29,Sat,01/04/2023,15:00,Crystal Palace,,,,Leicester City,,Selhurst Park,,Head-to-Head,
29,Sat,01/04/2023,15:00,Bournemouth,,,,Fulham,,Vitality Stadium,,Head-to-Head,
29,Sat,01/04/2023,17:30,Chelsea,,,,Aston Villa,,Stamford Bridge,,Head-to-Head,
29,Sun,02/04/2023,14:00,West Ham,,,,Southampton,,London Stadium,,Head-to-Head,
29,Sun,02/04/2023,16:30,Newcastle Utd,,,,Manchester Utd,,St James' Park,,Head-to-Head,
29,Mon,03/04/2023,20:00,Everton,,,,Tottenham,,Goodison Park,,Head-to-Head,
7,Tue,04/04/2023,19:45,Leeds United,,,,Nott'ham Forest,,Elland Road,,Head-to-Head,
7,Tue,04/04/2023,19:45,Bournemouth,,,,Brighton,,Vitality Stadium,,Head-to-Head,
7,Tue,04/04/2023,19:45,Leicester City,,,,Aston Villa,,King Power Stadium,,Head-to-Head,
8,Tue,04/04/2023,20:00,Chelsea,,,,Liverpool,,Stamford Bridge,,Head-to-Head,
7,Wed,05/04/2023,20:00,West Ham,,,,Newcastle Utd,,London Stadium,,Head-to-Head,
25,Wed,05/04/2023,20:00,Manchester Utd,,,,Brentford,,Old Trafford,,Head-to-Head,
30,Sat,08/04/2023,12:30,Manchester Utd,,,,Everton,,Old Trafford,,Head-to-Head,
30,Sat,08/04/2023,15:00,Fulham,,,,West Ham,,Craven Cottage,,Head-to-Head,
30,Sat,08/04/2023,15:00,Aston Villa,,,,Nott'ham Forest,,Villa Park,,Head-to-Head,
30,Sat,08/04/2023,15:00,Leicester City,,,,Bournemouth,,King Power Stadium,,Head-to-Head,
30,Sat,08/04/2023,15:00,Brentford,,,,Newcastle Utd,,Brentford Community Stadium,,Head-to-Head,
30,Sat,08/04/2023,15:00,Wolves,,,,Chelsea,,Molineux Stadium,,Head-to-Head,
30,Sat,08/04/2023,15:00,Tottenham,,,,Brighton,,Tottenham Hotspur Stadium,,Head-to-Head,
30,Sat,08/04/2023,17:30,Southampton,,,,Manchester City,,St. Mary's Stadium,,Head-to-Head,
30,Sun,09/04/2023,14:00,Leeds United,,,,Crystal Palace,,Elland Road,,Head-to-Head,
30,Sun,09/04/2023,16:30,Liverpool,,,,Arsenal,,Anfield,,Head-to-Head,
31,Sat,15/04/2023,12:30,Aston Villa,,,,Newcastle Utd,,Villa Park,,Head-to-Head,
31,Sat,15/04/2023,15:00,Chelsea,,,,Brighton,,Stamford Bridge,,Head-to-Head,
31,Sat,15/04/2023,15:00,Southampton,,,,Crystal Palace,,St. Mary's Stadium,,Head-to-Head,
31,Sat,15/04/2023,15:00,Wolves,,,,Brentford,,Molineux Stadium,,Head-to-Head,
31,Sat,15/04/2023,15:00,Tottenham,,,,Bournemouth,,Tottenham Hotspur Stadium,,Head-to-Head,
31,Sat,15/04/2023,15:00,Everton,,,,Fulham,,Goodison Park,,Head-to-Head,
31,Sat,15/04/2023,17:30,Manchester City,,,,Leicester City,,Etihad Stadium,,Head-to-Head,
31,Sun,16/04/2023,14:00,West Ham,,,,Arsenal,,London Stadium,,Head-to-Head,
31,Sun,16/04/2023,16:30,Nott'ham Forest,,,,Manchester Utd,,The City Ground,,Head-to-Head,
31,Mon,17/04/2023,20:00,Leeds United,,,,Liverpool,,Elland Road,,Head-to-Head,
32,Fri,21/04/2023,20:00,Arsenal,,,,Southampton,,Emirates Stadium,,Head-to-Head,
32,Sat,22/04/2023,12:30,Fulham,,,,Leeds United,,Craven Cottage,,Head-to-Head,
32,Sat,22/04/2023,15:00,Crystal Palace,,,,Everton,,Selhurst Park,,Head-to-Head,
32,Sat,22/04/2023,15:00,Brentford,,,,Aston Villa,,Brentford Community Stadium,,Head-to-Head,
32,Sat,22/04/2023,15:00,Liverpool,,,,Nott'ham Forest,,Anfield,,Head-to-Head,
32,Sat,22/04/2023,15:00,Leicester City,,,,Wolves,,King Power Stadium,,Head-to-Head,
32,Sat,22/04/2023,17:30,Manchester Utd,,,,Chelsea,,Old Trafford,,,Match Postponed
32,Sun,23/04/2023,14:00,Bournemouth,,,,West Ham,,Vitality Stadium,,Head-to-Head,
32,Sun,23/04/2023,14:00,Newcastle Utd,,,,Tottenham,,St James' Park,,Head-to-Head,
32,Sun,23/04/2023,16:30,Brighton,,,,Manchester City,,The American Express Community Stadium,,,Match Postponed
33,Tue,25/04/2023,19:30,Wolves,,,,Crystal Palace,,Molineux Stadium,,Head-to-Head,
33,Tue,25/04/2023,19:45,Aston Villa,,,,Fulham,,Villa Park,,Head-to-Head,
33,Tue,25/04/2023,20:00,Leeds United,,,,Leicester City,,Elland Road,,Head-to-Head,
33,Wed,26/04/2023,19:30,Nott'ham Forest,,,,Brighton,,The City Ground,,Head-to-Head,
33,Wed,26/04/2023,19:45,Chelsea,,,,Brentford,,Stamford Bridge,,Head-to-Head,
33,Wed,26/04/2023,19:45,West Ham,,,,Liverpool,,London Stadium,,Head-to-Head,
33,Wed,26/04/2023,20:00,Manchester City,,,,Arsenal,,Etihad Stadium,,Head-to-Head,
33,Thu,27/04/2023,19:45,Everton,,,,Newcastle Utd,,Goodison Park,,Head-to-Head,
33,Thu,27/04/2023,19:45,Southampton,,,,Bournemouth,,St. Mary's Stadium,,Head-to-Head,
33,Thu,27/04/2023,20:15,Tottenham,,,,Manchester Utd,,Tottenham Hotspur Stadium,,Head-to-Head,
34,Sat,29/04/2023,12:30,Crystal Palace,,,,West Ham,,Selhurst Park,,Head-to-Head,
34,Sat,29/04/2023,15:00,Brighton,,,,Wolves,,The American Express Community Stadium,,Head-to-Head,
34,Sat,29/04/2023,15:00,Brentford,,,,Nott'ham Forest,,Brentford Community Stadium,,Head-to-Head,
34,Sat,29/04/2023,17:30,Arsenal,,,,Chelsea,,Emirates Stadium,,Head-to-Head,
34,Sun,30/04/2023,14:00,Manchester Utd,,,,Aston Villa,,Old Trafford,,Head-to-Head,
34,Sun,30/04/2023,14:00,Bournemouth,,,,Leeds United,,Vitality Stadium,,Head-to-Head,
34,Sun,30/04/2023,14:00,Newcastle Utd,,,,Southampton,,St James' Park,,Head-to-Head,
34,Sun,30/04/2023,14:00,Fulham,,,,Manchester City,,Craven Cottage,,Head-to-Head,
34,Sun,30/04/2023,16:30,Liverpool,,,,Tottenham,,Anfield,,Head-to-Head,
34,Mon,01/05/2023,20:00,Leicester City,,,,Everton,,King Power Stadium,,Head-to-Head,
35,Sat,06/05/2023,15:00,Tottenham,,,,Crystal Palace,,Tottenham Hotspur Stadium,,Head-to-Head,
35,Sat,06/05/2023,15:00,Wolves,,,,Aston Villa,,Molineux Stadium,,Head-to-Head,
35,Sat,06/05/2023,15:00,Nott'ham Forest,,,,Southampton,,The City Ground,,Head-to-Head,
35,Sat,06/05/2023,15:00,Bournemouth,,,,Chelsea,,Vitality Stadium,,Head-to-Head,
35,Sat,06/05/2023,15:00,Liverpool,,,,Brentford,,Anfield,,Head-to-Head,
35,Sat,06/05/2023,15:00,Manchester City,,,,Leeds United,,Etihad Stadium,,Head-to-Head,
35,Sat,06/05/2023,15:00,West Ham,,,,Manchester Utd,,London Stadium,,Head-to-Head,
35,Sat,06/05/2023,15:00,Fulham,,,,Leicester City,,Craven Cottage,,Head-to-Head,
35,Sat,06/05/2023,15:00,Newcastle Utd,,,,Arsenal,,St James' Park,,Head-to-Head,
35,Sat,06/05/2023,15:00,Brighton,,,,Everton,,The American Express Community Stadium,,Head-to-Head,
36,Sat,13/05/2023,15:00,Aston Villa,,,,Tottenham,,Villa Park,,Head-to-Head,
36,Sat,13/05/2023,15:00,Everton,,,,Manchester City,,Goodison Park,,Head-to-Head,
36,Sat,13/05/2023,15:00,Leicester City,,,,Liverpool,,King Power Stadium,,Head-to-Head,
36,Sat,13/05/2023,15:00,Chelsea,,,,Nott'ham Forest,,Stamford Bridge,,Head-to-Head,
36,Sat,13/05/2023,15:00,Brentford,,,,West Ham,,Brentford Community Stadium,,Head-to-Head,
36,Sat,13/05/2023,15:00,Crystal Palace,,,,Bournemouth,,Selhurst Park,,Head-to-Head,
36,Sat,13/05/2023,15:00,Leeds United,,,,Newcastle Utd,,Elland Road,,Head-to-Head,
36,Sat,13/05/2023,15:00,Arsenal,,,,Brighton,,Emirates Stadium,,Head-to-Head,
36,Sat,13/05/2023,15:00,Southampton,,,,Fulham,,St. Mary's Stadium,,Head-to-Head,
36,Sat,13/05/2023,15:00,Manchester Utd,,,,Wolves,,Old Trafford,,Head-to-Head,
37,Sat,20/05/2023,15:00,Brighton,,,,Southampton,,The American Express Community Stadium,,Head-to-Head,
37,Sat,20/05/2023,15:00,West Ham,,,,Leeds United,,London Stadium,,Head-to-Head,
37,Sat,20/05/2023,15:00,Tottenham,,,,Brentford,,Tottenham Hotspur Stadium,,Head-to-Head,
37,Sat,20/05/2023,15:00,Manchester City,,,,Chelsea,,Etihad Stadium,,Head-to-Head,
37,Sat,20/05/2023,15:00,Liverpool,,,,Aston Villa,,Anfield,,Head-to-Head,
37,Sat,20/05/2023,15:00,Newcastle Utd,,,,Leicester City,,St James' Park,,Head-to-Head,
37,Sat,20/05/2023,15:00,Fulham,,,,Crystal Palace,,Craven Cottage,,Head-to-Head,
37,Sat,20/05/2023,15:00,Nott'ham Forest,,,,Arsenal,,The City Ground,,Head-to-Head,
37,Sat,20/05/2023,15:00,Bournemouth,,,,Manchester Utd,,Vitality Stadium,,Head-to-Head,
37,Sat,20/05/2023,15:00,Wolves,,,,Everton,,Molineux Stadium,,Head-to-Head,
38,Sun,28/05/2023,15:00,Crystal Palace,,,,Nott'ham Forest,,Selhurst Park,,Head-to-Head,
38,Sun,28/05/2023,15:00,Chelsea,,,,Newcastle Utd,,Stamford Bridge,,Head-to-Head,
38,Sun,28/05/2023,15:00,Manchester Utd,,,,Fulham,,Old Trafford,,Head-to-Head,
38,Sun,28/05/2023,15:00,Arsenal,,,,Wolves,,Emirates Stadium,,Head-to-Head,
38,Sun,28/05/2023,15:00,Southampton,,,,Liverpool,,St. Mary's Stadium,,Head-to-Head,
38,Sun,28/05/2023,15:00,Everton,,,,Bournemouth,,Goodison Park,,Head-to-Head,
38,Sun,28/05/2023,15:00,Leicester City,,,,West Ham,,King Power Stadium,,Head-to-Head,
38,Sun,28/05/2023,15:00,Aston Villa,,,,Brighton,,Villa Park,,Head-to-Head,
38,Sun,28/05/2023,15:00,Leeds United,,,,Tottenham,,Elland Road,,Head-to-Head,
38,Sun,28/05/2023,15:00,Brentford,,,,Manchester City,,Brentford Community Stadium,,Head-to-Head,
,,,,,,,,,,,,,
,,,,,,,,,,,,,
,,,,,,,,,,,,,
,,,,,,,,,,,,,
,,,,,,,,,,,,,
,,,,,,,,,,,,,
,,,,,,,,,,,,,
,,,,,,,,,,,,,
,,,,,,,,,,,,,
,,,,,,,,,,,,,
,,,,,,,,,,,,,
,,,,,,,,,,,,,
,,,,,,,,,,,,,
,,,,,,,,,,,,,
,,,,,,,,,,,,,
,,,,,,,,,,,,,
,,,,,,,,,,,,,
,,,,,,,,,,,,,
,,,,,,,,,,,,,
,,,,,,,,,,,,,
,,,,,,,,,,,,,
,,,,,,,,,,,,,
,,,,,,,,,,,,,
,,,,,,,,,,,,,
,,,,,,,,,,,,,
,,,,,,,,,,,,,
,,,,,,,,,,,,,
,,,,,,,,,,,,,
,,,,,,,,,,,,,
,,,,,,,,,,,,,
,,,,,,,,,,,,,
,,,,,,,,,,,,,
,,,,,,,,,,,,,
,,,,,,,,,,,,,
,,,,,,,,,,,,,
,,,,,,,,,,,,,
,,,,,,,,,,,,,
,,,,,,,,,,,,,
,,,,,,,,,,,,,
,,,,,,,,,,,,,
,,,,,,,,,,,,,
,,,,,,,,,,,,,
,,,,,,,,,,,,,
,,,,,,,,,,,,,
,,,,,,,,,,,,,
,,,,,,,,,,,,,
,,,,,,,,,,,,,